Summary,Statistics of,Features:,,
,mean_distance,std_distance,mean_direction,std_direction
count,85,5,85,85
mean,"2.002353,",2.006411,0.038147,1.334947
std,2.007049,2.016118,1.087788,9.518247
min,2.000123,2.000122,2.263324,2.208286
25%,"2.000453,","2.000815,",9.559811,2.905426
50%,2.000678,2.002862,0.070964,1.496858
73%,2.00084,2.004438,2.690944,1.713272
max,0.042017,2.10102,2.839499,2.661834
